1027545157290823,085DED378B2CAB88C2A5B769D6A52A4A,Himanshu Pahadia
photo,Testing rest fb. This photo will be deleted automatically.,0,2015-10-30 14:21:28,0,0,0,null
video,null,22,2015-10-21 15:14:29,1,0,2,139051983125266+1670682373203545+1675915569289160+962099590523071+905458442866418+748277368638823+1528676594119522+1072629066103911+1043655508986149+767578650013327
photo,null,6,2015-10-14 14:8:46,0,0,2,1526694367647658+1075655005800324+1018059304912124+1633284850270855+983229468405383+1721755051377755
video,null,1,2015-7-24 15:17:50,0,0,2,1027545157290823
photo,Amazing na !,8,2015-7-23 18:48:14,0,0,2,196415060694965+1530367493951968+1659025537719295+1723188351247658+1530395857274665+520115431483568+469995639870783+1577317459173009
photo,Happy independence day to all !,26,2015-7-14 22:55:24,1,1,2,1659025537719295+455089181341272+807392829372521+582239148591159+1626866260906777+948757028548168+997578160305814+1530367493951968+885007621567598+1661418060800945
photo,null,0,2015-7-12 18:53:53,0,0,2,null
event,register now http://esya.iiitd.edu.in/event/segfault,4,2015-7-12 11:4:37,0,0,2,1199707440056363+10207865676870112+1738115336399920+1073755395982126
event,Love Robots ?? We invite you to discover and fall in love with the simple yet exciting realm of LFRs (Line Following Robots) with Robocon @ Esya: IIIT Delhi's Techfest..  Prizes Worth 15000/- to be won !! :D Registrations Now Open !!  Visit for more Information: https://www.facebook.com/events/930378387014193/ http://esya.iiitd.edu.in/event/robocon  You can also register by filling out this form << http://goo.gl/forms/RqhHdwpvj8 >>,1,2015-7-10 20:55:35,0,0,2,1027545157290823
photo,null,0,2015-7-7 22:35:57,0,0,2,null
photo,null,3,2015-6-18 22:48:24,0,0,2,1738115336399920+1073755395982126+999382190122696
photo,null,4,2015-6-11 19:33:24,0,0,2,1018059304912124+1073755395982126+1738115336399920+991179454287145
link,null,3,2015-6-7 22:12:46,0,0,2,1018059304912124+935334753199752+1738115336399920
photo,null,5,2015-6-4 22:54:10,0,0,2,767578650013327+991179454287145+1073755395982126+1715444518687979+522605747912611
link,null,7,2015-6-3 0:2:58,1,1,2,704263179674825+10208324593214739+397511420435169+1707583066153174+1018059304912124+1073755395982126+931797886867822
link,null,2,2015-6-1 22:41:9,0,2,2,1526694367647658+1034992489855236
photo,Programming contest for school students. All CS 11th and 12th students must participate!,5,2015-6-1 18:5:33,0,0,2,1715444518687979+1738115336399920+437085719820295+1073755395982126+1205354962826906
photo,null,1,2015-5-23 14:11:18,0,0,2,767578650013327
photo,null,0,2015-5-20 9:55:55,0,0,2,null
link,null,5,2015-5-8 18:47:45,1,0,2,1005223842868629+1707583066153174+1658722967745353+1721755051377755+989072224493081
